n, total, time
960,21474.7,0.000859742
1920,21474.7,0.000452316
3840,21474.7,0.00121352
7680,21474.7,0.00207184
15360,21474.7,0.000925411
30720,21474.7,0.00100552
61440,21474.7,0.0020165
122880,21474.7,0.00229572
245760,21474.8,0.00262215
491520,21474.8,0.00576525
983040,21474.8,0.00516739
