n, total, time
1000,206483,8.5629e-05
2000,150063,0.00277424
4000,250805,0.0158738
8000,375992,0.000443145
16000,-275478,0.000207558
32000,-1.38817e+06,0.000216548
64000,-879062,0.000358136
128000,1.44957e+06,0.000603913
256000,51942.9,0.000749341
512000,-2.29719e+06,0.0011312
