n, total, time
24,20449,0.0001284
48,21451.7,6.5761e-05
96,21451.7,0.000192189
192,21474.7,3.8696e-05
