n, total, time
999,21474.7,4.154e-05
1998,21474.7,7.5009e-05
3996,21474.7,0.000102809
7992,21474.7,0.000115849
15984,21474.7,0.000118949
31968,21474.7,0.000126158
63936,21474.7,0.000295236
127872,21474.7,0.000603933
255744,21474.8,0.000666193
511488,21474.8,0.00135399
