n, total, time
992,183730,0.00436335
1984,132338,0.000339556
3968,311510,0.000315516
7936,391793,0.00381551
15872,-196330,0.000536394
31744,-1.53766e+06,0.000629823
63488,-912484,0.000676842
126976,1.33789e+06,0.00086973
253952,-49143.8,0.00114447
507904,-1.83122e+06,0.00154848
