n, total, time
992,21474.7,0.00107319
1984,21474.7,0.0109383
3968,21474.7,0.0104817
7936,21474.7,0.0147977
15872,21474.7,0.0027943
31744,21474.7,0.00719346
63488,21474.7,0.0111913
126976,21474.7,0.0106065
253952,21474.8,0.00271285
507904,21474.8,0.00301912
