n, max, time
1,20449,1.43e-06
2,20449,8.2717e-05
3,20449,3.316e-05
4,20449,0.000106824
1,21451.7,4.841e-06
2,21451.7,6.9718e-05
3,21451.7,0.000129751
4,21451.7,8.9002e-05
1,21451.7,4.985e-06
2,21451.7,9.3362e-05
3,21451.7,0.000121834
4,21451.7,3.2976e-05
1,21474.7,7.495e-06
2,21474.7,1.5235e-05
3,21474.7,9.839e-05
4,21474.7,0.000130591
