n, total, time
988,21474.7,0.000307666
1976,21474.7,0.000217158
3952,21474.7,0.000417335
7904,21474.7,0.000422985
15808,21474.7,0.000528743
31616,21474.7,0.0124502
63232,21474.7,0.000576623
126464,21474.7,0.000779021
252928,21474.8,0.00088747
505856,21474.8,0.00191324
