n, total, time
1000,21474.7,8.5969e-05
2000,21474.7,7.0499e-05
4000,21474.7,0.000132099
8000,21474.7,0.000135218
16000,21474.7,0.000161908
32000,21474.7,0.000217167
64000,21474.7,0.000295257
128000,21474.7,0.000363056
256000,21474.8,0.000628413
512000,21474.8,0.00120251
