n, total, time
1000,21474.7,8.3829e-05
2000,21474.7,0.00106633
4000,21474.7,9.0989e-05
8000,21474.7,0.000159088
16000,21474.7,0.00754088
32000,21474.7,0.000230597
64000,21474.7,0.000352666
128000,21474.7,0.00297209
256000,21474.8,0.00087589
512000,21474.8,0.00184976
