n, total, time
999,21474.7,0.000133263
1998,21474.7,0.000213805
