n, total, time
1000,206483,7.4139e-05
2000,150063,5.8509e-05
4000,250805,6.4789e-05
8000,375992,8.5099e-05
16000,-275478,0.000114169
32000,-1.38817e+06,0.000125419
64000,-879062,0.000266907
128000,1.44957e+06,0.000579694
256000,51942.9,0.00104977
512000,-2.29719e+06,0.00194735
