n, total, time
994,21474.7,0.000283077
1988,21474.7,0.000223187
3976,21474.7,0.000270027
7952,21474.7,0.000215838
15904,21474.7,0.000420286
31808,21474.7,0.000307266
63616,21474.7,0.000309317
127232,21474.7,0.000466635
254464,21474.8,0.00086486
508928,21474.8,0.000982629
