n, total, time
1000,21474.7,0.000219717
2000,21474.7,0.000165108
4000,21474.7,0.000155799
8000,21474.7,0.000413226
16000,21474.7,0.000415595
32000,21474.7,0.000450225
64000,21474.7,0.00083529
128000,21474.7,0.00212351
256000,21474.8,0.00113005
512000,21474.8,0.00130542
