n, total, time
992,21474.7,0.000293527
1984,21474.7,0.000330657
3968,21474.7,0.000281877
7936,21474.7,0.000275096
15872,21474.7,0.000459475
31744,21474.7,0.000634743
63488,21474.7,0.000669342
126976,21474.7,0.000981558
253952,21474.8,0.00154226
507904,21474.8,0.00155764
