n, total, time
1000,21474.7,7.02e-06
2000,21474.7,1.295e-05
4000,21474.7,2.335e-05
8000,21474.7,7.031e-05
16000,21474.7,0.000161329
32000,21474.7,0.000131129
64000,21474.7,0.000299006
128000,21474.7,0.000543194
256000,21474.8,0.001744
512000,21474.8,0.00377527
