n, total, time
1000,21474.7,9.1429e-05
2000,21474.7,0.000105599
4000,21474.7,0.000145619
8000,21474.7,0.000167058
16000,21474.7,0.000178838
32000,21474.7,0.000240478
64000,21474.7,0.000590234
128000,21474.7,0.000639454
256000,21474.8,0.00099524
512000,21474.8,0.00183035
