n, total, time
996,21474.7,0.000218908
1992,21474.7,0.000198518
3984,21474.7,0.000221508
7968,21474.7,0.000376516
15936,21474.7,0.000347396
31872,21474.7,0.000347416
63744,21474.7,0.000380126
127488,21474.7,0.000796911
254976,21474.8,0.00087838
509952,21474.8,0.00128422
