n, total, time
1000,206483,0.0155006
2000,150063,0.000195758
4000,250805,0.00833065
8000,375992,0.000398575
16000,-275478,0.000401805
32000,-1.38817e+06,0.000431685
64000,-879062,0.000500864
128000,1.44957e+06,0.000739682
256000,51942.9,0.000898489
512000,-2.29719e+06,0.00207572
