n, total, time
1000,21474.7,0.000111469
2000,21474.7,0.000116839
4000,21474.7,0.000137018
8000,21474.7,0.000295957
16000,21474.7,0.00257809
32000,21474.7,0.000339806
64000,21474.7,0.000470175
128000,21474.7,0.000583833
256000,21474.8,0.000957689
512000,21474.8,0.00164049
