n, total, time
1000,206483,4.1119e-05
2000,150063,5.9209e-05
4000,250805,7.6629e-05
8000,375992,7.6169e-05
16000,-275478,0.000122739
32000,-1.38817e+06,0.000136379
64000,-879062,0.000257767
128000,1.44957e+06,0.000568494
256000,51942.9,0.00137254
512000,-2.29719e+06,0.00152101
