n, total, time
994,21474.7,0.000229368
1988,21474.7,0.000222568
3976,21474.7,0.000245148
7952,21474.7,0.000379736
15904,21474.7,0.000420246
31808,21474.7,0.000391285
63616,21474.7,0.000596323
127232,21474.7,0.000849091
254464,21474.8,0.00132277
508928,21474.8,0.00379642
