n, total, time
1000,206483,6.43e-06
2000,150063,1.872e-05
4000,250805,2.918e-05
8000,375992,5.96e-05
16000,-275478,9.8669e-05
32000,-1.38817e+06,0.000152388
64000,-879062,0.000326037
128000,1.44957e+06,0.0009797
256000,51942.9,0.00206325
512000,-2.29719e+06,0.00290736
