n, total, time
990,21474.7,0.00431152
1980,21474.7,0.000947749
3960,21474.7,0.00118713
7920,21474.7,0.0173488
15840,21474.7,0.000653623
31680,21474.7,0.000729591
63360,21474.7,0.000615193
126720,21474.7,0.00090634
253440,21474.8,0.00112995
506880,21474.8,0.00166425
