n, total, time
1000,206483,7.2969e-05
2000,150063,6.7629e-05
4000,250805,9.7789e-05
8000,375992,0.000127749
16000,-275478,0.000261117
32000,-1.38817e+06,0.000283017
64000,-879062,0.000215197
128000,1.44957e+06,0.000344516
256000,51942.9,0.000994799
512000,-2.29719e+06,0.00149311
