n, total, time
24,-27255.4,3.5633e-05
48,-53280.2,0.000113119
96,-98874.6,4.444e-05
192,-135134,0.000143721
