n, total, time
1000,206483,0.000134098
2000,150063,0.000136928
4000,250805,0.000139629
8000,375992,0.000238518
16000,-275478,0.000246007
32000,-1.38817e+06,0.000254067
64000,-879062,0.000321006
128000,1.44957e+06,0.000548983
256000,51942.9,0.000846601
512000,-2.29719e+06,0.00146286
