n, total, time
990,179856,0.000270667
1980,136990,0.000348786
3960,338286,0.000276007
7920,373547,0.000373856
15840,-229193,0.00122202
31680,-1.48565e+06,0.0026554
63360,-944026,0.000732351
126720,1.35571e+06,0.0012221
253440,70899.6,0.00180212
506880,-1.88497e+06,0.00169701
