n, total, time
994,188278,0.00306975
1988,126062,0.000221108
3976,294715,0.000198768
7952,393170,0.000456734
15904,-228947,0.000579003
31808,-1.54871e+06,0.000528804
63616,-931225,0.000699322
127232,1.38031e+06,0.00085935
254464,100409,0.000790801
508928,-2.0764e+06,0.00123304
