n, total, time
996,202951,7.8859e-05
1992,152180,9.2949e-05
3984,262910,0.000149828
7968,428448,0.000212297
15936,-254968,0.000170788
31872,-1.47001e+06,0.000257217
63744,-1.0002e+06,0.000352436
127488,1.38079e+06,0.000489604
254976,117947,0.000672222
509952,-1.98556e+06,0.00137893
