n, total, time
1000,21474.7,9.83e-06
2000,21474.7,1.7e-05
4000,21474.7,2.9519e-05
8000,21474.7,5.852e-05
16000,21474.7,0.000101279
32000,21474.7,0.000202018
64000,21474.7,0.000396666
128000,21474.7,0.000745763
256000,21474.8,0.00159522
512000,21474.8,0.00368829
