n, total, time
999,217919,0.000194598
1998,153863,0.000248097
3996,261714,0.000180978
7992,395947,0.000259407
15984,-263980,0.000415816
31968,-1.37236e+06,0.000428175
63936,-924048,0.000455594
127872,1.33253e+06,0.000674213
255744,21060.7,0.000913889
511488,-2.2369e+06,0.00156762
