n, total, time
24,20449,3.6452e-05
48,21451.7,0.000214092
96,21451.7,6.3767e-05
192,21474.7,0.000129743
