n, total, time
960,221261,0.000857661
1920,39213.5,0.000451806
3840,405634,0.00110304
7680,374423,0.00107308
15360,-267532,0.00102096
30720,-1.05127e+06,0.00112047
61440,-795839,0.00204814
122880,1.55573e+06,0.00234212
245760,63143.4,0.00476452
491520,-1.88574e+06,0.0051978
983040,-1.058e+06,0.0048378
