n, total, time
999,217919,5.696e-05
1998,153863,0.000121289
3996,261714,9.7068e-05
7992,395947,0.000123568
15984,-263980,0.000156228
31968,-1.37236e+06,0.000164678
63936,-924048,0.000173768
127872,1.33253e+06,0.000358086
255744,21060.7,0.000777341
511488,-2.2369e+06,0.00127783
