n, total, time
992,183730,0.000423475
1984,132338,0.000243048
3968,311510,0.000216408
7936,391793,0.000268558
15872,-196330,0.000621684
31744,-1.53766e+06,0.000462885
63488,-912484,0.000664593
126976,1.33789e+06,0.010937
253952,-49143.8,0.00119612
507904,-1.83122e+06,0.00182345
