n, total, time
994,188278,0.000106749
1988,126062,0.000111979
3976,294715,0.000222317
7952,393170,0.000233848
15904,-228947,0.000325326
31808,-1.54871e+06,0.000334346
63616,-931225,0.000310587
127232,1.38031e+06,0.000559824
254464,100409,0.000766031
508928,-2.0764e+06,0.00107944
