n, total, time
1000,206483,0.000150689
2000,150063,0.0273132
4000,250805,0.000158078
8000,375992,0.000250238
16000,-275478,0.000323777
32000,-1.38817e+06,0.000376566
64000,-879062,0.000589745
128000,1.44957e+06,0.000742533
256000,51942.9,0.00129738
512000,-2.29719e+06,0.00145578
