n, total, time
1,-27255.4,2.902e-06
2,-27255.4,6.4522e-05
3,-27255.4,0.000140236
4,-27255.4,6.6903e-05
1,-53280.2,3.918e-06
2,-53280.2,1.6509e-05
3,-53280.2,4.6438e-05
4,-53280.2,5.5908e-05
1,-98874.6,4.49e-06
2,-98874.6,0.000114276
3,-98874.6,5.4182e-05
4,-98874.6,5.6899e-05
1,-135134,6.136e-06
2,-135134,7.2103e-05
3,-135134,0.000114642
4,-135134,8.7757e-05
