n, total, time
988,187645,0.000232378
1976,115895,0.000229597
3952,371133,0.000204598
7904,322641,0.000543384
15808,-247217,0.0294374
31616,-1.44854e+06,0.0132475
63232,-1.01963e+06,0.00252821
126464,1.27146e+06,0.000987319
252928,-35468.8,0.00201695
505856,-1.97619e+06,0.00171566
