n, total, time
992,183730,0.000763652
1984,132338,0.00159593
3968,311510,0.00402115
7936,391793,0.00465015
15872,-196330,0.000711543
31744,-1.53766e+06,0.0038762
63488,-912484,0.0342253
126976,1.33789e+06,0.00236187
253952,-49143.8,0.00201149
507904,-1.83122e+06,0.00278454
