n, total, time
990,21474.7,0.00859988
1980,21474.7,0.000195257
3960,21474.7,0.000217208
7920,21474.7,0.00408358
15840,21474.7,0.00928538
31680,21474.7,0.0111811
63360,21474.7,0.0158802
126720,21474.7,0.000653673
253440,21474.8,0.00090352
506880,21474.8,0.00178542
