n, total, time
990,179856,0.000205638
1980,136990,0.000170318
3960,338286,0.000247267
7920,373547,0.000504084
15840,-229193,0.000570693
31680,-1.48565e+06,0.00252548
63360,-944026,0.013108
126720,1.35571e+06,0.00792712
253440,70899.6,0.00117947
506880,-1.88497e+06,0.00155151
