n, total, time
1000,21474.7,4.139e-05
2000,21474.7,0.000292648
4000,21474.7,5.864e-05
8000,21474.7,6.4759e-05
16000,21474.7,8.7169e-05
32000,21474.7,0.000126639
64000,21474.7,0.000231697
128000,21474.7,0.000350897
256000,21474.8,0.000598424
512000,21474.8,0.00163566
