n, total, time
1000,21474.7,0.00572587
2000,21474.7,0.000382026
4000,21474.7,0.000270077
8000,21474.7,0.000528385
16000,21474.7,0.000384876
32000,21474.7,0.000405376
64000,21474.7,0.00283128
128000,21474.7,0.000560005
256000,21474.8,0.000976051
512000,21474.8,0.00114398
