n, total, time
996,21474.7,9.3949e-05
1992,21474.7,0.000102319
3984,21474.7,0.000192018
7968,21474.7,0.000220397
15936,21474.7,0.0314505
31872,21474.7,0.000505114
63744,21474.7,0.000362126
127488,21474.7,0.000555804
254976,21474.8,0.000747391
509952,21474.8,0.00139554
