n, total, time
1000,21474.7,3.633e-05
2000,21474.7,4.1659e-05
4000,21474.7,5.081e-05
8000,21474.7,7.5359e-05
16000,21474.7,0.000105619
32000,21474.7,0.000188928
64000,21474.7,0.000345136
128000,21474.7,0.000597403
256000,21474.8,0.00184406
512000,21474.8,0.00688224
