n, total, time
992,21474.7,0.000256068
1984,21474.7,0.000250208
3968,21474.7,0.000239977
7936,21474.7,0.000231987
15872,21474.7,0.000459625
31744,21474.7,0.000683563
63488,21474.7,0.000540284
126976,21474.7,0.00158094
253952,21474.8,0.00106795
507904,21474.8,0.00187184
