n, total, time
1000,206483,7.46e-06
2000,150063,1.046e-05
4000,250805,2.7099e-05
8000,375992,3.9439e-05
16000,-275478,8.5599e-05
32000,-1.38817e+06,0.000156328
64000,-879062,0.000737052
128000,1.44957e+06,0.00148544
256000,51942.9,0.0017421
512000,-2.29719e+06,0.00429703
