n, total, time
999,21474.7,0.000158098
1998,21474.7,0.000176298
3996,21474.7,0.000206388
7992,21474.7,0.000310776
15984,21474.7,0.000366466
31968,21474.7,0.000361026
63936,21474.7,0.000387205
127872,21474.7,0.000497085
255744,21474.8,0.000562304
511488,21474.8,0.00112669
