n, total, time
996,202951,0.000258707
1992,152180,0.000229857
3984,262910,0.000175748
7968,428448,0.000399545
15936,-254968,0.000460354
31872,-1.47001e+06,0.000431195
63744,-1.0002e+06,0.000500714
127488,1.38079e+06,0.000680333
254976,117947,0.00170296
509952,-1.98556e+06,0.00130543
