n, total, time
1000,206483,6.3659e-05
2000,150063,0.000279678
4000,250805,0.000109769
8000,375992,0.000107509
16000,-275478,0.000168038
32000,-1.38817e+06,0.000195718
64000,-879062,0.000391767
128000,1.44957e+06,0.000453106
256000,51942.9,0.000609194
512000,-2.29719e+06,0.00172507
